{"iteration": 2000, "num_visited_states": 64, "loss": 0.00039748213021084666, "dynamics_loss": 0.3031221628189087, "l1_error": 0.0036395182093340766, "diversity_score": -2.171472589076118e-11, "novelty": 0.2539962982297856, "top_k_performance": 2.5010000000000003, "_timestamp": 1726095474.424886, "_runtime": 93.73702192306519, "_step": 200, "_wandb": {"runtime": 93}}