{"iteration": 1490, "num_visited_states": 64, "loss": 0.0009212021832354367, "dynamics_loss": 0.23988153040409088, "l1_error": 0.004429484808502408, "diversity_score": -2.171472589076118e-11, "novelty": 0.2558107775681668, "top_k_performance": 2.5010000000000003, "_timestamp": 1726166048.365607, "_runtime": 71.77680897712708, "_step": 149}