{"iteration": 1560, "num_visited_states": 64, "loss": 0.0006882770685479045, "dynamics_loss": 0.2472950965166092, "l1_error": 0.004283376234412127, "diversity_score": -2.171472589076118e-11, "novelty": 0.25536490862863775, "top_k_performance": 2.5010000000000003, "_timestamp": 1726166051.546174, "_runtime": 74.95737600326538, "_step": 156}