{"iteration": 2000, "num_visited_states": 64, "loss": 0.00026601049466989934, "dynamics_loss": 0.3001875579357147, "l1_error": 0.0035623811055751995, "diversity_score": -2.171472589076118e-11, "novelty": 0.2505635899320556, "top_k_performance": 2.5010000000000003, "_timestamp": 1726166071.376385, "_runtime": 94.78758692741394, "_step": 200, "_wandb": {"runtime": 94}}