{"iteration": 2000, "num_visited_states": 64, "loss": 0.0004989851731806993, "dynamics_loss": 0.23087842762470245, "l1_error": 0.0035897316064328385, "diversity_score": -2.171472589076118e-11, "novelty": 0.24800440540945898, "top_k_performance": 2.5010000000000003, "_timestamp": 1726095028.064142, "_runtime": 94.49972295761108, "_step": 200, "_wandb": {"runtime": 93}}