{"iteration": 2000, "num_visited_states": 64, "loss": 0.0007538456120528281, "dynamics_loss": 0.31046217679977417, "l1_error": 0.003533098871692141, "diversity_score": 0, "novelty": 0.0, "top_k_performance": 2.5010000000000003, "_timestamp": 1726093048.3841999, "_runtime": 90.1480598449707, "_step": 200, "_wandb": {"runtime": 89}}